[
  {
    "email": "serious@gmail.com",
    "date": "20/9/2022 02:50:05",
    "message": "Buenas noches"
  },
  {
    "email": "fancy@gmail.com",
    "date": "20/9/2022 08:30:05",
    "message": "Por que tan temprano?"
  },
  {
    "email": "melon@gmail.com",
    "date": "20/9/2022 09:50:05",
    "message": "Holaaaa"
  },
  {
    "email": "wolf@outlook.com",
    "date": "21/9/2022, 22:02:30",
    "message": "Buenas, ya terminaron con las pruebas?"
  },
  {
    "email": "lore@ipsum.com",
    "date": "21/9/2022, 22:03:25",
    "message": "más pruebas"
  }
]